ID,Gene_Name,In_Degree,Out_Degree
0,Q0050,1,0
1,YAL003W,10,0
2,YAL005C,10,0
3,YAL007C,5,0
4,YAL008W,4,0
5,YAL012W,9,0
6,YAL013W,2,0
7,YAL014C,2,0
8,YAL016W,7,0
9,YAL022C,5,0
10,YAL023C,7,0
11,YAL025C,4,0
12,YAL030W,2,0
13,YAL033W,2,0
14,YAL034C,4,0
15,YAL035W,4,0
16,YAL036C,7,0
17,YAL038W,10,0
18,YAL039C,8,0
19,YAL040C,5,0
20,YAL041W,2,0
21,YAL042W,2,0
22,YAL044C,10,0
23,YAL049C,5,0
24,YAL051W,0,56
25,YAL053W,6,0
26,YAL054C,5,0
27,YAL059W,2,0
28,YAL060W,11,0
29,YAL061W,7,0
30,YAL062W,3,0
31,YAR002W,6,0
32,YAR003W,2,0
33,YAR007C,3,0
34,YAR008W,2,0
35,YAR015W,9,0
36,YAR018C,5,0
37,YAR027W,7,0
38,YAR031W,1,0
39,YBL001C,6,0
40,YBL002W,7,0
41,YBL003C,8,0
42,YBL005W,0,13
43,YBL007C,2,0
44,YBL011W,2,0
45,YBL015W,8,0
46,YBL017C,1,0
47,YBL018C,2,0
48,YBL021C,0,28
49,YBL022C,1,0
50,YBL024W,3,0
51,YBL026W,3,0
52,YBL027W,5,0
53,YBL028C,6,0
54,YBL030C,6,0
55,YBL032W,3,0
56,YBL033C,4,0
57,YBL036C,1,0
58,YBL038W,3,0
59,YBL039C,4,0
60,YBL040C,2,0
61,YBL041W,3,0
62,YBL042C,21,0
63,YBL045C,5,0
64,YBL051C,1,0
65,YBL056W,3,0
66,YBL057C,1,0
67,YBL064C,13,0
68,YBL068W,2,0
69,YBL072C,6,0
70,YBL076C,8,0
71,YBL078C,4,0
72,YBL087C,6,0
73,YBL091C,1,0
74,YBL092W,5,0
75,YBL093C,6,0
76,YBL099W,3,0
77,YBL102W,3,0
78,YBL103C,0,19
79,YBR001C,2,0
80,YBR005W,5,0
81,YBR006W,10,0
82,YBR009C,9,0
83,YBR010W,8,0
84,YBR011C,5,0
85,YBR014C,1,0
86,YBR015C,3,0
87,YBR016W,5,0
88,YBR017C,2,0
89,YBR021W,4,0
90,YBR024W,1,0
91,YBR025C,6,0
92,YBR026C,1,0
93,YBR029C,5,0
94,YBR031W,5,0
95,YBR034C,5,0
96,YBR035C,2,0
97,YBR036C,7,0
98,YBR037C,1,0
99,YBR038W,11,0
100,YBR039W,8,0
101,YBR041W,2,0
102,YBR043C,2,0
103,YBR046C,4,0
104,YBR048W,6,0
105,YBR049C,4,95
106,YBR050C,2,0
107,YBR052C,14,0
108,YBR053C,11,0
109,YBR056W,12,0
110,YBR057C,3,0
111,YBR067C,23,0
112,YBR068C,1,0
113,YBR070C,5,0
114,YBR071W,5,0
115,YBR072W,13,0
116,YBR078W,11,0
117,YBR079C,3,0
118,YBR080C,2,0
119,YBR082C,10,0
120,YBR083W,0,106
121,YBR086C,3,0
122,YBR087W,5,0
123,YBR088C,5,0
124,YBR093C,11,0
125,YBR101C,5,0
126,YBR103W,1,0
127,YBR104W,2,0
128,YBR105C,14,0
129,YBR106W,8,0
130,YBR109C,4,0
131,YBR110W,1,0
132,YBR111C,1,0
133,YBR115C,1,0
134,YBR118W,8,0
135,YBR121C,5,0
136,YBR122C,6,0
137,YBR126C,10,0
138,YBR127C,5,0
139,YBR129C,3,0
140,YBR130C,1,0
141,YBR135W,10,0
142,YBR137W,17,0
143,YBR139W,4,0
144,YBR143C,9,0
145,YBR145W,3,0
146,YBR146W,3,0
147,YBR147W,1,0
148,YBR149W,19,0
149,YBR151W,6,0
150,YBR153W,1,0
151,YBR154C,4,0
152,YBR158W,16,0
153,YBR159W,3,0
154,YBR160W,5,0
155,YBR162C,19,0
156,YBR165W,2,0
157,YBR166C,17,0
158,YBR167C,1,0
159,YBR169C,7,0
160,YBR171W,3,0
161,YBR172C,6,0
162,YBR173C,2,0
163,YBR177C,10,0
164,YBR181C,5,0
165,YBR182C,0,3
166,YBR183W,11,0
167,YBR185C,1,0
168,YBR189W,3,0
169,YBR191W,3,0
170,YBR196C,5,0
171,YBR199W,5,0
172,YBR202W,3,0
173,YBR207W,8,0
174,YBR208C,5,0
175,YBR212W,5,0
176,YBR214W,5,0
177,YBR218C,1,0
178,YBR221C,6,0
179,YBR222C,4,0
180,YBR230C,13,0
181,YBR234C,3,0
182,YBR236C,1,0
183,YBR239C,0,4
184,YBR241C,3,0
185,YBR242W,1,0
186,YBR243C,1,0
187,YBR244W,23,0
188,YBR247C,2,0
189,YBR248C,3,0
190,YBR249C,8,0
191,YBR251W,2,0
192,YBR252W,7,0
193,YBR254C,1,0
194,YBR256C,3,0
195,YBR262C,5,0
196,YBR263W,8,0
197,YBR265W,1,0
198,YBR268W,5,0
199,YBR269C,10,0
200,YBR272C,1,0
201,YBR282W,4,0
202,YBR283C,2,0
203,YBR286W,5,0
204,YBR287W,4,0
205,YBR290W,1,0
206,YBR291C,6,0
207,YBR294W,3,0
208,YBR296C,8,0
209,YBR297W,0,5
210,YBR298C,2,0
211,YCL001W,2,0
212,YCL002C,2,0
213,YCL005W,1,0
214,YCL009C,8,0
215,YCL011C,8,0
216,YCL012C,1,0
217,YCL017C,3,0
218,YCL018W,6,0
219,YCL028W,9,0
220,YCL030C,6,0
221,YCL034W,2,0
222,YCL035C,14,0
223,YCL037C,2,0
224,YCL038C,3,0
225,YCL040W,10,0
226,YCL043C,9,0
227,YCL045C,1,0
228,YCL047C,1,0
229,YCL050C,3,0
230,YCL054W,3,0
231,YCL056C,2,0
232,YCL057W,4,0
233,YCL059C,7,0
234,YCL063W,3,0
235,YCR002C,6,0
236,YCR004C,3,0
237,YCR005C,11,0
238,YCR009C,4,0
239,YCR010C,6,0
240,YCR011C,1,0
241,YCR012W,7,0
242,YCR017C,1,0
243,YCR021C,9,0
244,YCR023C,1,0
245,YCR028C,1,0
246,YCR030C,1,0
247,YCR031C,5,0
248,YCR034W,9,0
249,YCR037C,2,0
250,YCR046C,1,0
251,YCR053W,2,0
252,YCR057C,1,0
253,YCR059C,1,0
254,YCR061W,7,0
255,YCR065W,3,8
256,YCR069W,4,0
257,YCR079W,4,0
258,YCR084C,0,56
259,YCR088W,4,0
260,YCR093W,3,0
261,YCR094W,1,0
262,YCR095C,1,0
263,YDL001W,2,0
264,YDL004W,3,0
265,YDL006W,1,0
266,YDL007W,2,0
267,YDL010W,2,0
268,YDL012C,2,0
269,YDL014W,5,0
270,YDL015C,3,0
271,YDL018C,3,0
272,YDL019C,1,0
273,YDL020C,5,836
274,YDL021W,4,0
275,YDL022W,13,0
276,YDL025C,3,0
277,YDL029W,2,0
278,YDL040C,1,0
279,YDL045C,5,0
280,YDL046W,7,0
281,YDL048C,11,0
282,YDL049C,2,0
283,YDL051W,2,0
284,YDL052C,4,0
285,YDL053C,2,0
286,YDL054C,1,0
287,YDL055C,16,0
288,YDL056W,0,171
289,YDL061C,5,0
290,YDL063C,9,0
291,YDL064W,3,0
292,YDL066W,16,0
293,YDL067C,4,0
294,YDL070W,6,0
295,YDL072C,3,0
296,YDL074C,2,0
297,YDL075W,7,0
298,YDL076C,10,0
299,YDL078C,13,0
300,YDL081C,4,0
301,YDL082W,6,0
302,YDL083C,7,0
303,YDL084W,6,0
304,YDL086W,6,0
305,YDL088C,2,0
306,YDL090C,1,0
307,YDL091C,2,0
308,YDL092W,3,0
309,YDL095W,5,0
310,YDL097C,2,0
311,YDL099W,1,0
312,YDL100C,3,0
313,YDL103C,4,0
314,YDL106C,0,21
315,YDL110C,10,0
316,YDL113C,2,0
317,YDL115C,1,0
318,YDL117W,7,0
319,YDL120W,3,0
320,YDL121C,4,0
321,YDL122W,3,0
322,YDL123W,8,0
323,YDL124W,12,0
324,YDL125C,11,0
325,YDL126C,7,0
326,YDL127W,2,0
327,YDL128W,18,0
328,YDL130W,4,0
329,YDL131W,6,0
330,YDL133W,1,0
331,YDL134C,4,0
332,YDL135C,2,0
333,YDL136W,4,0
334,YDL137W,4,0
335,YDL140C,2,0
336,YDL142C,2,0
337,YDL143W,5,0
338,YDL145C,3,0
339,YDL147W,2,0
340,YDL148C,4,0
341,YDL155W,1,0
342,YDL157C,9,0
343,YDL165W,4,0
344,YDL167C,3,0
345,YDL168W,6,0
346,YDL169C,4,0
347,YDL170W,3,7
348,YDL171C,7,0
349,YDL174C,11,0
350,YDL178W,5,0
351,YDL179W,6,0
352,YDL180W,3,0
353,YDL181W,5,0
354,YDL182W,19,0
355,YDL184C,5,0
356,YDL185W,5,0
357,YDL188C,5,0
358,YDL190C,2,0
359,YDL191W,5,0
360,YDL192W,1,0
361,YDL193W,2,0
362,YDL195W,1,0
363,YDL198C,7,0
364,YDL201W,5,0
365,YDL204W,6,0
366,YDL207W,1,0
367,YDL208W,9,0
368,YDL212W,2,0
369,YDL213C,2,0
370,YDL215C,11,0
371,YDL217C,1,0
372,YDL224C,1,0
373,YDL226C,6,0
374,YDL229W,7,0
375,YDL232W,2,0
376,YDL235C,2,0
377,YDL236W,5,0
378,YDL237W,3,0
379,YDR001C,8,0
380,YDR002W,4,0
381,YDR005C,3,0
382,YDR006C,1,0
383,YDR011W,12,0
384,YDR012W,7,0
385,YDR019C,3,0
386,YDR023W,5,0
387,YDR025W,3,0
388,YDR028C,2,0
389,YDR031W,1,0
390,YDR032C,2,0
391,YDR033W,18,0
392,YDR034C,4,0
393,YDR035W,2,0
394,YDR037W,10,0
395,YDR041W,18,0
396,YDR043C,13,19
397,YDR044W,7,0
398,YDR045C,4,0
399,YDR047W,6,0
400,YDR050C,3,0
401,YDR051C,5,0
402,YDR055W,17,0
403,YDR059C,2,0
404,YDR060W,1,0
405,YDR061W,2,0
406,YDR062W,3,0
407,YDR063W,6,0
408,YDR064W,8,0
409,YDR067C,3,0
410,YDR068W,2,0
411,YDR070C,5,0
412,YDR071C,4,0
413,YDR072C,13,0
414,YDR073W,14,0
415,YDR074W,6,0
416,YDR075W,2,0
417,YDR077W,15,0
418,YDR078C,1,0
419,YDR079W,3,0
420,YDR084C,10,0
421,YDR086C,13,0
422,YDR088C,1,0
423,YDR090C,6,0
424,YDR091C,2,0
425,YDR092W,3,0
426,YDR098C,9,0
427,YDR099W,5,0
428,YDR100W,3,0
429,YDR101C,4,0
430,YDR105C,2,0
431,YDR111C,1,0
432,YDR116C,2,0
433,YDR119W,2,0
434,YDR120C,5,0
435,YDR122W,1,0
436,YDR123C,0,110
437,YDR127W,3,0
438,YDR129C,3,0
439,YDR135C,2,0
440,YDR139C,3,0
441,YDR142C,1,0
442,YDR143C,1,0
443,YDR144C,1,0
444,YDR146C,0,145
445,YDR148C,1,0
446,YDR150W,2,0
447,YDR151C,1,0
448,YDR152W,2,0
449,YDR155C,9,0
450,YDR156W,13,0
451,YDR158W,5,0
452,YDR165W,3,0
453,YDR167W,2,0
454,YDR168W,3,0
455,YDR169C,4,0
456,YDR170C,2,0
457,YDR171W,8,0
458,YDR172W,6,0
459,YDR174W,6,14
460,YDR175C,2,0
461,YDR177W,1,0
462,YDR178W,6,0
463,YDR182W,1,0
464,YDR190C,2,0
465,YDR194C,1,0
466,YDR202C,2,0
467,YDR207C,0,40
468,YDR208W,2,0
469,YDR210W,7,0
470,YDR211W,3,0
471,YDR212W,4,0
472,YDR213W,0,7
473,YDR214W,9,0
474,YDR216W,0,109
475,YDR222W,4,0
476,YDR224C,5,0
477,YDR225W,6,0
478,YDR226W,7,0
479,YDR231C,4,0
480,YDR232W,9,0
481,YDR233C,4,0
482,YDR234W,4,0
483,YDR236C,2,0
484,YDR238C,1,0
485,YDR244W,7,0
486,YDR245W,2,0
487,YDR248C,1,0
488,YDR251W,4,0
489,YDR253C,3,125
490,YDR258C,10,0
491,YDR259C,0,4
492,YDR260C,3,0
493,YDR261C,2,0
494,YDR262W,9,0
495,YDR266C,2,0
496,YDR267C,2,0
497,YDR272W,5,0
498,YDR275W,1,0
499,YDR276C,12,0
500,YDR279W,3,0
501,YDR280W,3,0
502,YDR281C,8,0
503,YDR283C,1,0
504,YDR284C,5,0
505,YDR286C,2,0
506,YDR287W,2,0
507,YDR294C,4,0
508,YDR296W,1,0
509,YDR297W,6,0
510,YDR298C,1,0
511,YDR300C,1,0
512,YDR302W,5,0
513,YDR304C,11,0
514,YDR309C,12,0
515,YDR310C,0,8
516,YDR319C,1,0
517,YDR321W,3,0
518,YDR322W,2,0
519,YDR328C,1,0
520,YDR330W,1,0
521,YDR333C,1,0
522,YDR335W,1,0
523,YDR339C,7,0
524,YDR341C,4,0
525,YDR342C,21,0
526,YDR343C,7,0
527,YDR345C,8,0
528,YDR349C,2,0
529,YDR353W,2,0
530,YDR354W,3,0
531,YDR361C,8,0
532,YDR365C,2,0
533,YDR366C,3,0
534,YDR367W,2,0
535,YDR368W,6,0
536,YDR372C,6,0
537,YDR373W,3,0
538,YDR376W,1,0
539,YDR377W,2,0
540,YDR378C,7,0
541,YDR381W,2,0
542,YDR382W,5,0
543,YDR384C,15,0
544,YDR385W,11,0
545,YDR388W,11,0
546,YDR391C,8,0
547,YDR393W,2,0
548,YDR394W,1,0
549,YDR395W,1,0
550,YDR397C,2,0
551,YDR399W,14,0
552,YDR404C,3,0
553,YDR405W,2,0
554,YDR408C,7,0
555,YDR410C,1,0
556,YDR411C,5,0
557,YDR418W,7,0
558,YDR421W,0,9
559,YDR423C,0,15
560,YDR427W,3,0
561,YDR429C,5,0
562,YDR434W,1,0
563,YDR435C,2,0
564,YDR441C,5,0
565,YDR447C,4,0
566,YDR449C,3,0
567,YDR450W,3,0
568,YDR451C,8,16
569,YDR452W,2,0
570,YDR453C,3,0
571,YDR454C,3,0
572,YDR456W,1,0
573,YDR457W,5,0
574,YDR458C,1,0
575,YDR463W,0,12
576,YDR465C,3,0
577,YDR468C,2,0
578,YDR471W,7,0
579,YDR472W,3,0
580,YDR476C,3,0
581,YDR477W,2,0
582,YDR479C,3,0
583,YDR483W,14,0
584,YDR486C,3,0
585,YDR487C,3,0
586,YDR492W,5,0
587,YDR493W,2,0
588,YDR494W,1,0
589,YDR496C,3,0
590,YDR497C,6,0
591,YDR500C,8,0
592,YDR502C,10,0
593,YDR508C,6,0
594,YDR510W,9,0
595,YDR512C,3,0
596,YDR513W,14,0
597,YDR516C,11,0
598,YDR517W,3,0
599,YDR518W,2,0
600,YDR519W,4,0
601,YDR520C,0,2
602,YDR527W,2,0
603,YDR529C,1,0
604,YDR530C,2,0
605,YDR531W,2,0
606,YDR533C,7,0
607,YDR539W,3,0
608,YEL001C,2,0
609,YEL002C,1,0
610,YEL005C,1,0
611,YEL006W,1,0
612,YEL007W,4,0
613,YEL009C,5,659
614,YEL011W,14,0
615,YEL012W,8,0
616,YEL013W,2,0
617,YEL015W,3,0
618,YEL017W,3,0
619,YEL021W,8,0
620,YEL024W,4,0
621,YEL026W,5,0
622,YEL027W,4,0
623,YEL031W,4,0
624,YEL032W,3,0
625,YEL033W,8,0
626,YEL034W,6,0
627,YEL036C,2,0
628,YEL037C,2,0
629,YEL038W,2,0
630,YEL039C,6,0
631,YEL040W,13,0
632,YEL042W,6,0
633,YEL044W,10,0
634,YEL046C,19,0
635,YEL050C,3,0
636,YEL051W,4,0
637,YEL052W,2,0
638,YEL054C,7,0
639,YEL055C,4,0
640,YEL056W,8,0
641,YEL058W,3,0
642,YEL060C,21,0
643,YEL066W,5,0
644,YEL071W,15,0
645,YEL072W,3,0
646,YER001W,8,0
647,YER002W,1,0
648,YER003C,4,0
649,YER004W,10,0
650,YER006W,3,0
651,YER009W,4,0
652,YER010C,1,0
653,YER012W,1,0
654,YER017C,2,0
655,YER020W,4,0
656,YER021W,3,0
657,YER023W,2,0
658,YER024W,5,0
659,YER025W,15,0
660,YER026C,6,0
661,YER027C,2,0
662,YER029C,1,0
663,YER031C,3,0
664,YER035W,10,0
665,YER036C,6,0
666,YER037W,11,0
667,YER040W,0,96
668,YER043C,12,0
669,YER044C,13,0
670,YER046W,5,0
671,YER048C,1,0
672,YER049W,2,0
673,YER052C,4,0
674,YER053C,21,0
675,YER055C,11,0
676,YER056C,10,0
677,YER057C,4,0
678,YER062C,15,0
679,YER063W,5,0
680,YER065C,5,0
681,YER067W,12,0
682,YER068W,3,0
683,YER069W,4,0
684,YER070W,4,0
685,YER072W,10,0
686,YER073W,7,0
687,YER074W,6,0
688,YER078C,1,0
689,YER079W,8,0
690,YER080W,1,0
691,YER081W,5,0
692,YER083C,1,0
693,YER086W,2,0
694,YER088C,7,0
695,YER089C,4,0
696,YER090W,2,0
697,YER091C,14,0
698,YER092W,5,0
699,YER094C,5,0
700,YER095W,12,0
701,YER099C,1,0
702,YER100W,5,0
703,YER102W,4,0
704,YER103W,9,0
705,YER107C,1,0
706,YER110C,4,0
707,YER111C,0,262
708,YER115C,1,0
709,YER116C,3,0
710,YER117W,6,0
711,YER118C,3,0
712,YER119C,5,0
713,YER120W,4,0
714,YER122C,2,0
715,YER123W,2,0
716,YER124C,9,0
717,YER125W,2,0
718,YER126C,2,0
719,YER130C,6,0
720,YER131W,9,0
721,YER133W,3,0
722,YER134C,3,0
723,YER136W,2,0
724,YER141W,10,0
725,YER142C,2,0
726,YER143W,2,0
727,YER144C,1,0
728,YER145C,14,0
729,YER146W,9,0
730,YER148W,5,0
731,YER150W,9,0
732,YER152C,3,0
733,YER154W,10,0
734,YER155C,3,0
735,YER156C,6,0
736,YER159C,8,0
737,YER161C,4,0
738,YER163C,4,0
739,YER165W,5,0
740,YER169W,0,4
741,YER175C,6,0
742,YER176W,1,0
743,YER177W,5,0
744,YER178W,7,0
745,YER183C,7,0
746,YFL004W,4,0
747,YFL005W,6,0
748,YFL010C,1,0
749,YFL014W,14,0
750,YFL016C,7,0
751,YFL017C,1,0
752,YFL018C,4,0
753,YFL021W,15,38
754,YFL022C,12,0
755,YFL028C,2,0
756,YFL031W,0,7
757,YFL037W,2,0
758,YFL038C,4,0
759,YFL039C,11,0
760,YFL041W,2,0
761,YFL045C,5,0
762,YFL048C,4,0
763,YFR004W,3,0
764,YFR006W,5,0
765,YFR009W,2,0
766,YFR010W,1,0
767,YFR011C,1,0
768,YFR014C,2,0
769,YFR015C,3,0
770,YFR016C,2,0
771,YFR017C,4,0
772,YFR025C,5,0
773,YFR030W,8,0
774,YFR033C,9,0
775,YFR034C,0,44
776,YFR037C,2,0
777,YFR041C,4,0
778,YFR042W,2,0
779,YFR044C,3,0
780,YFR047C,3,0
781,YFR049W,2,0
782,YFR050C,2,0
783,YFR051C,2,0
784,YFR052W,1,0
785,YFR053C,16,0
786,YFR055W,2,0
787,YGL001C,6,0
788,YGL002W,3,0
789,YGL004C,3,0
790,YGL005C,3,0
791,YGL006W,3,0
792,YGL008C,16,0
793,YGL009C,6,0
794,YGL010W,2,0
795,YGL011C,1,0
796,YGL012W,6,0
797,YGL013C,1,84
798,YGL019W,1,0
799,YGL020C,1,0
800,YGL021W,5,0
801,YGL022W,2,0
802,YGL026C,3,0
803,YGL027C,2,0
804,YGL028C,11,0
805,YGL029W,1,0
806,YGL030W,5,0
807,YGL031C,4,0
808,YGL035C,0,11
809,YGL037C,11,0
810,YGL038C,6,0
811,YGL039W,5,0
812,YGL040C,1,0
813,YGL043W,1,0
814,YGL047W,2,0
815,YGL048C,1,0
816,YGL050W,2,0
817,YGL054C,8,0
818,YGL055W,12,0
819,YGL056C,10,0
820,YGL058W,7,0
821,YGL059W,2,0
822,YGL062W,19,0
823,YGL068W,6,0
824,YGL070C,1,0
825,YGL071W,2,37
826,YGL073W,0,370
827,YGL076C,4,0
828,YGL077C,5,0
829,YGL078C,3,0
830,YGL084C,3,0
831,YGL087C,3,0
832,YGL096W,11,22
833,YGL097W,4,0
834,YGL100W,8,0
835,YGL101W,7,0
836,YGL103W,9,0
837,YGL105W,4,0
838,YGL115W,6,0
839,YGL117W,2,0
840,YGL120C,5,0
841,YGL121C,3,0
842,YGL122C,1,0
843,YGL123W,7,0
844,YGL127C,5,0
845,YGL135W,9,0
846,YGL136C,2,0
847,YGL145W,3,0
848,YGL147C,6,0
849,YGL148W,9,0
850,YGL154C,2,0
851,YGL157W,6,0
852,YGL159W,3,0
853,YGL161C,4,0
854,YGL166W,3,2
855,YGL167C,4,0
856,YGL171W,2,0
857,YGL173C,1,0
858,YGL181W,2,0
859,YGL186C,3,0
860,YGL187C,3,0
861,YGL189C,6,0
862,YGL190C,3,0
863,YGL191W,3,0
864,YGL195W,3,0
865,YGL196W,3,0
866,YGL198W,4,0
867,YGL200C,3,0
868,YGL202W,6,0
869,YGL207W,1,0
870,YGL208W,2,0
871,YGL209W,3,1
872,YGL213C,1,0
873,YGL215W,4,0
874,YGL219C,5,0
875,YGL221C,2,0
876,YGL224C,2,0
877,YGL225W,4,0
879,YGL228W,4,0
880,YGL231C,1,0
881,YGL232W,1,0
882,YGL234W,7,0
883,YGL237C,1,50
884,YGL238W,3,0
885,YGL242C,2,0
886,YGL245W,3,0
887,YGL246C,2,0
888,YGL250W,1,0
889,YGL252C,4,1
890,YGL253W,12,0
891,YGL256W,4,0
892,YGR002C,3,0
893,YGR007W,2,0
894,YGR008C,12,0
895,YGR014W,3,0
896,YGR017W,1,0
897,YGR019W,10,0
898,YGR020C,6,0
899,YGR027C,5,0
900,YGR028W,2,0
901,YGR031W,2,0
902,YGR032W,9,0
903,YGR033C,8,0
904,YGR034W,5,0
905,YGR037C,10,0
906,YGR038W,1,0
907,YGR041W,3,0
908,YGR043C,5,0
909,YGR044C,0,3
910,YGR046W,2,0
911,YGR048W,3,0
912,YGR049W,2,0
913,YGR054W,2,0
914,YGR055W,6,0
915,YGR060W,11,0
916,YGR061C,4,0
917,YGR065C,1,0
918,YGR067C,6,0
919,YGR074W,1,0
920,YGR077C,1,0
921,YGR078C,3,0
922,YGR079W,3,0
923,YGR080W,2,0
924,YGR082W,4,0
925,YGR084C,2,0
926,YGR085C,5,0
927,YGR086C,18,0
928,YGR088W,11,0
929,YGR094W,9,0
930,YGR102C,1,0
931,YGR103W,10,0
932,YGR105W,2,0
933,YGR106C,5,0
934,YGR108W,13,0
935,YGR110W,4,0
936,YGR111W,3,0
937,YGR116W,2,0
938,YGR118W,5,0
939,YGR121C,6,0
940,YGR122W,7,0
941,YGR123C,1,0
942,YGR124W,3,0
943,YGR125W,8,0
944,YGR128C,1,0
945,YGR130C,10,0
946,YGR132C,6,0
947,YGR135W,3,0
948,YGR141W,3,0
949,YGR142W,5,0
950,YGR147C,3,0
951,YGR148C,4,0
952,YGR155W,11,0
953,YGR157W,7,0
954,YGR158C,5,0
955,YGR159C,15,0
956,YGR161C,7,0
957,YGR167W,5,0
958,YGR172C,3,0
959,YGR173W,4,0
960,YGR174C,3,0
961,YGR175C,9,0
962,YGR178C,6,0
963,YGR180C,12,0
964,YGR181W,3,0
965,YGR183C,7,0
966,YGR185C,2,0
967,YGR186W,3,0
968,YGR187C,2,0
969,YGR189C,18,0
970,YGR191W,3,0
971,YGR192C,5,0
972,YGR193C,4,0
973,YGR195W,2,0
974,YGR198W,3,0
975,YGR200C,1,0
976,YGR201C,3,0
977,YGR202C,3,0
978,YGR203W,7,0
979,YGR204W,12,0
980,YGR209C,8,0
981,YGR210C,1,0
982,YGR211W,3,0
983,YGR214W,9,0
984,YGR215W,2,0
985,YGR218W,3,0
986,YGR220C,2,0
987,YGR223C,2,0
988,YGR229C,1,0
989,YGR230W,5,0
990,YGR231C,2,0
991,YGR232W,4,0
992,YGR233C,5,0
993,YGR234W,17,0
994,YGR235C,3,0
995,YGR240C,5,0
996,YGR243W,8,0
997,YGR244C,2,0
998,YGR245C,2,0
999,YGR246C,2,0
1000,YGR248W,15,0
1001,YGR249W,0,27
1002,YGR252W,1,0
1003,YGR253C,6,0
1004,YGR254W,11,0
1005,YGR255C,4,0
1006,YGR256W,7,0
1007,YGR260W,6,0
1008,YGR262C,1,0
1009,YGR264C,8,0
1010,YGR267C,2,0
1011,YGR279C,14,0
1012,YGR280C,6,0
1013,YGR282C,10,0
1014,YGR284C,4,0
1015,YGR285C,9,0
1016,YGR286C,3,0
1017,YGR295C,5,0
1018,YHL001W,10,0
1019,YHL002W,1,0
1020,YHL003C,3,0
1021,YHL004W,5,0
1022,YHL008C,2,0
1024,YHL011C,6,0
1025,YHL013C,1,0
1026,YHL020C,2,4
1027,YHL021C,9,0
1028,YHL025W,3,0
1029,YHL027W,7,25
1030,YHL031C,1,0
1031,YHL032C,5,0
1032,YHL033C,8,0
1033,YHL034C,6,0
1034,YHL036W,6,0
1035,YHL048W,5,0
1036,YHR001W,2,0
1037,YHR006W,3,0
1038,YHR007C,14,0
1039,YHR008C,9,0
1040,YHR009C,4,0
1041,YHR010W,6,0
1042,YHR012W,1,0
1043,YHR013C,1,0
1044,YHR018C,6,0
1045,YHR019C,7,0
1046,YHR020W,6,0
1047,YHR021C,5,0
1048,YHR024C,2,0
1049,YHR025W,2,0
1050,YHR026W,5,0
1051,YHR027C,2,0
1052,YHR028C,3,0
1053,YHR029C,3,0
1054,YHR030C,12,0
1055,YHR033W,11,0
1056,YHR037W,3,0
1057,YHR039C,2,0
1058,YHR041C,1,0
1059,YHR042W,4,0
1060,YHR043C,5,0
1061,YHR047C,2,0
1062,YHR049W,3,0
1063,YHR050W,4,0
1064,YHR051W,7,0
1065,YHR052W,12,0
1066,YHR057C,5,0
1067,YHR063C,2,0
1068,YHR064C,7,0
1069,YHR065C,2,0
1070,YHR066W,2,0
1071,YHR068W,11,0
1072,YHR070W,4,0
1073,YHR071W,6,0
1074,YHR074W,6,0
1075,YHR081W,2,0
1076,YHR083W,6,0
1077,YHR084W,0,249
1078,YHR087W,8,0
1079,YHR088W,2,0
1080,YHR089C,8,0
1081,YHR090C,2,0
1082,YHR092C,3,0
1083,YHR094C,9,0
1084,YHR096C,10,0
1085,YHR097C,3,0
1086,YHR098C,4,0
1087,YHR099W,1,0
1088,YHR104W,14,0
1089,YHR107C,1,0
1090,YHR110W,9,0
1091,YHR112C,3,0
1092,YHR113W,3,0
1093,YHR121W,2,0
1094,YHR122W,2,0
1095,YHR123W,4,0
1096,YHR124W,0,131
1097,YHR128W,2,0
1098,YHR132C,1,0
1099,YHR135C,6,0
1100,YHR136C,12,0
1101,YHR137W,12,0
1102,YHR138C,7,0
1103,YHR140W,21,0
1104,YHR141C,5,0
1105,YHR142W,9,0
1106,YHR143W,10,0
1107,YHR146W,7,0
1108,YHR147C,4,0
1109,YHR150W,1,0
1110,YHR161C,4,0
1111,YHR162W,11,0
1112,YHR163W,3,0
1113,YHR170W,12,0
1114,YHR174W,5,0
1115,YHR175W,4,0
1116,YHR178W,0,57
1117,YHR179W,7,0
1118,YHR181W,4,0
1119,YHR183W,9,0
1120,YHR190W,5,0
1121,YHR193C,10,0
1122,YHR194W,2,0
1123,YHR195W,2,0
1124,YHR196W,6,0
1125,YHR198C,4,0
1126,YHR199C,1,0
1127,YHR200W,5,0
1128,YHR201C,1,0
1129,YHR203C,6,0
1130,YHR205W,3,0
1131,YHR206W,0,102
1132,YHR208W,4,0
1133,YHR215W,5,0
1134,YHR216W,4,0
1135,YIL003W,3,0
1136,YIL004C,2,0
1137,YIL009W,7,0
1138,YIL010W,1,0
1139,YIL016W,4,0
1140,YIL018W,8,0
1141,YIL020C,3,0
1142,YIL021W,3,0
1143,YIL022W,1,0
1144,YIL027C,2,0
1145,YIL033C,8,0
1146,YIL034C,2,0
1147,YIL035C,4,0
1148,YIL036W,3,23
1149,YIL039W,2,0
1150,YIL040W,3,0
1151,YIL041W,6,0
1152,YIL043C,4,0
1153,YIL044C,2,0
1154,YIL045W,3,0
1155,YIL046W,5,0
1156,YIL050W,3,0
1157,YIL051C,2,0
1158,YIL052C,6,0
1159,YIL053W,9,0
1160,YIL056W,13,0
1161,YIL057C,7,0
1162,YIL062C,2,0
1163,YIL064W,2,0
1164,YIL065C,2,0
1165,YIL069C,5,0
1166,YIL070C,6,0
1167,YIL074C,10,0
1168,YIL075C,2,0
1169,YIL076W,10,0
1170,YIL077C,15,0
1171,YIL078W,2,0
1172,YIL079C,2,0
1173,YIL083C,4,0
1174,YIL087C,4,0
1175,YIL090W,5,0
1176,YIL094C,12,0
1177,YIL101C,12,58
1178,YIL103W,1,0
1179,YIL105C,9,0
1180,YIL106W,9,0
1181,YIL107C,4,0
1182,YIL108W,3,0
1183,YIL109C,4,0
1184,YIL111W,6,0
1185,YIL114C,1,0
1186,YIL116W,3,0
1187,YIL118W,14,0
1188,YIL119C,5,0
1189,YIL121W,5,0
1190,YIL123W,19,0
1191,YIL124W,7,0
1192,YIL126W,2,0
1193,YIL127C,1,0
1194,YIL131C,0,365
1195,YIL133C,7,0
1196,YIL136W,11,0
1197,YIL138C,1,0
1198,YIL142W,1,0
1199,YIL145C,4,0
1200,YIL146C,1,0
1201,YIL148W,7,0
1202,YIL154C,2,0
1203,YIL155C,4,0
1204,YIL157C,4,0
1205,YIL158W,8,0
1206,YIL160C,6,0
1207,YIL162W,8,0
1208,YIL165C,3,0
1209,YIR004W,3,0
1210,YIR006C,4,0
1211,YIR016W,3,0
1212,YIR017C,0,38
1213,YIR018W,0,20
1214,YIR022W,5,0
1215,YIR023W,0,21
1216,YIR026C,2,0
1217,YIR028W,3,0
1218,YIR029W,6,0
1219,YIR030C,3,0
1220,YIR031C,6,0
1221,YIR032C,4,0
1222,YIR033W,3,11
1223,YIR034C,6,0
1224,YIR035C,5,0
1225,YIR036C,2,0
1226,YIR037W,4,0
1227,YIR038C,24,0
1228,YJL001W,3,0
1229,YJL002C,6,0
1230,YJL003W,1,0
1231,YJL004C,1,0
1232,YJL008C,2,0
1233,YJL012C,2,0
1234,YJL024C,2,0
1235,YJL026W,5,0
1236,YJL033W,1,0
1237,YJL034W,3,0
1238,YJL036W,3,0
1239,YJL041W,2,0
1240,YJL042W,2,0
1241,YJL044C,4,0
1242,YJL048C,7,0
1243,YJL052W,13,0
1244,YJL053W,1,0
1245,YJL055W,3,0
1246,YJL056C,0,24
1247,YJL060W,17,0
1248,YJL061W,2,0
1249,YJL068C,9,0
1250,YJL069C,1,0
1251,YJL078C,8,0
1252,YJL079C,24,0
1253,YJL080C,6,0
1254,YJL081C,1,0
1255,YJL088W,13,0
1256,YJL089W,0,32
1257,YJL094C,1,0
1258,YJL096W,3,0
1259,YJL097W,3,0
1260,YJL100W,2,0
1261,YJL101C,15,0
1262,YJL104W,5,0
1263,YJL109C,2,0
1264,YJL110C,1,7
1265,YJL111W,2,0
1266,YJL115W,5,0
1267,YJL117W,7,0
1268,YJL122W,2,0
1269,YJL123C,4,0
1270,YJL124C,4,0
1271,YJL130C,3,0
1272,YJL134W,7,0
1273,YJL136C,6,0
1274,YJL138C,2,0
1275,YJL140W,3,0
1276,YJL143W,1,0
1277,YJL144W,2,0
1278,YJL145W,6,0
1279,YJL148W,18,0
1280,YJL149W,1,0
1281,YJL151C,8,0
1282,YJL154C,1,0
1283,YJL155C,1,0
1284,YJL158C,18,0
1285,YJL159W,12,0
1286,YJL161W,5,0
1287,YJL163C,2,0
1288,YJL164C,9,0
1289,YJL166W,13,0
1290,YJL167W,9,0
1291,YJL168C,2,0
1292,YJL172W,14,0
1293,YJL173C,4,0
1294,YJL174W,2,0
1295,YJL177W,6,0
1297,YJL183W,2,0
1298,YJL184W,2,0
1299,YJL186W,2,0
1300,YJL190C,6,0
1301,YJL191W,5,0
1302,YJL192C,5,0
1303,YJL194W,4,0
1304,YJL196C,12,0
1305,YJL200C,3,0
1306,YJL210W,15,0
1307,YJL217W,5,0
1308,YJR001W,6,0
1309,YJR002W,2,0
1310,YJR006W,2,0
1311,YJR007W,3,0
1312,YJR008W,7,0
1313,YJR009C,11,0
1314,YJR010W,6,0
1315,YJR011C,5,0
1316,YJR014W,5,0
1317,YJR015W,1,0
1318,YJR016C,6,0
1319,YJR017C,1,0
1320,YJR025C,5,0
1321,YJR042W,4,0
1322,YJR044C,4,0
1323,YJR045C,5,0
1324,YJR046W,2,0
1325,YJR048W,14,0
1326,YJR051W,3,0
1327,YJR056C,1,0
1328,YJR058C,1,0
1329,YJR059W,9,0
1330,YJR060W,1,990
1331,YJR063W,1,0
1332,YJR064W,3,0
1333,YJR065C,3,0
1334,YJR070C,5,0
1335,YJR072C,1,0
1336,YJR073C,3,0
1337,YJR074W,3,0
1338,YJR076C,3,0
1339,YJR077C,10,0
1340,YJR080C,3,0
1341,YJR082C,1,0
1342,YJR085C,2,0
1343,YJR088C,3,0
1344,YJR093C,1,0
1345,YJR096W,11,0
1346,YJR100C,1,0
1347,YJR101W,4,0
1348,YJR103W,8,0
1349,YJR104C,1,0
1350,YJR105W,8,0
1351,YJR109C,4,0
1352,YJR113C,4,0
1353,YJR117W,3,0
1354,YJR118C,11,0
1355,YJR120W,8,0
1356,YJR121W,11,0
1357,YJR123W,7,0
1358,YJR125C,3,0
1359,YJR126C,1,0
1360,YJR130C,1,0
1361,YJR133W,12,0
1362,YJR137C,8,0
1363,YJR139C,6,0
1364,YJR142W,1,0
1365,YJR143C,3,0
1366,YJR144W,5,0
1367,YJR145C,14,0
1368,YJR152W,9,0
1369,YKL001C,16,0
1370,YKL003C,3,0
1371,YKL004W,1,0
1372,YKL005C,1,0
1373,YKL006W,5,0
1374,YKL007W,12,0
1375,YKL008C,15,0
1376,YKL009W,10,0
1377,YKL010C,2,0
1378,YKL012W,1,0
1379,YKL013C,2,0
1380,YKL015W,0,15
1381,YKL016C,5,0
1382,YKL019W,7,0
1383,YKL020C,0,37
1384,YKL021C,1,0
1385,YKL023W,2,0
1386,YKL024C,3,0
1387,YKL025C,2,0
1388,YKL026C,3,0
1389,YKL028W,2,0
1390,YKL032C,4,98
1391,YKL035W,9,0
1392,YKL038W,0,11
1393,YKL039W,3,0
1394,YKL040C,4,0
1395,YKL041W,3,0
1396,YKL043W,22,25
1397,YKL045W,1,0
1398,YKL054C,3,0
1399,YKL056C,4,0
1400,YKL057C,2,0
1401,YKL058W,8,0
1402,YKL060C,8,0
1403,YKL062W,12,268
1404,YKL063C,1,0
1405,YKL065C,2,0
1406,YKL067W,14,0
1407,YKL069W,1,0
1408,YKL073W,4,0
1409,YKL077W,2,0
1410,YKL080W,5,0
1411,YKL081W,6,0
1412,YKL085W,11,0
1413,YKL086W,4,0
1414,YKL087C,2,0
1415,YKL091C,12,0
1416,YKL093W,1,0
1417,YKL094W,8,0
1418,YKL096W,13,0
1419,YKL098W,1,0
1420,YKL103C,15,0
1421,YKL104C,6,0
1422,YKL109W,15,429
1423,YKL110C,3,0
1424,YKL112W,2,350
1425,YKL113C,3,0
1426,YKL114C,1,0
1427,YKL117W,3,0
1428,YKL120W,6,0
1429,YKL126W,6,0
1430,YKL127W,2,0
1431,YKL128C,6,0
1432,YKL130C,3,0
1433,YKL140W,3,0
1434,YKL141W,6,0
1435,YKL142W,6,0
1436,YKL143W,2,0
1437,YKL145W,3,0
1438,YKL146W,1,0
1439,YKL150W,10,0
1440,YKL152C,6,0
1441,YKL154W,1,0
1442,YKL156W,6,0
1443,YKL157W,7,0
1444,YKL160W,6,0
1445,YKL163W,12,0
1446,YKL164C,10,0
1447,YKL165C,2,0
1448,YKL167C,1,0
1449,YKL172W,6,0
1450,YKL175W,3,0
1451,YKL176C,1,0
1452,YKL180W,3,0
1453,YKL181W,7,0
1454,YKL182W,9,0
1455,YKL185W,6,51
1456,YKL186C,7,0
1457,YKL189W,1,0
1458,YKL190W,2,0
1459,YKL191W,1,0
1460,YKL192C,10,0
1461,YKL195W,1,0
1462,YKL196C,3,0
1463,YKL198C,1,0
1464,YKL201C,2,0
1465,YKL206C,1,0
1466,YKL207W,5,0
1467,YKL210W,3,0
1468,YKL212W,2,0
1469,YKL216W,7,0
1470,YKL217W,6,0
1471,YKL218C,1,0
1472,YKR001C,3,0
1473,YKR003W,1,0
1474,YKR006C,6,0
1475,YKR007W,1,0
1476,YKR009C,10,0
1477,YKR011C,6,0
1478,YKR013W,14,0
1479,YKR016W,2,0
1480,YKR018C,3,0
1481,YKR026C,1,0
1482,YKR034W,6,8
1483,YKR039W,11,0
1484,YKR042W,20,0
1485,YKR043C,9,0
1486,YKR046C,7,0
1487,YKR048C,5,0
1488,YKR049C,1,0
1489,YKR052C,9,0
1490,YKR055W,4,0
1491,YKR056W,2,0
1492,YKR057W,7,0
1493,YKR059W,4,0
1494,YKR062W,6,0
1495,YKR065C,2,0
1496,YKR066C,7,0
1497,YKR067W,4,0
1498,YKR068C,2,0
1499,YKR070W,1,0
1500,YKR071C,6,0
1501,YKR074W,5,0
1502,YKR076W,3,0
1503,YKR080W,11,0
1504,YKR081C,12,0
1505,YKR085C,2,0
1506,YKR087C,7,0
1507,YKR089C,3,0
1508,YKR091W,7,0
1509,YKR092C,9,0
1510,YKR094C,4,0
1511,YKR099W,2,57
1512,YLL001W,4,0
1513,YLL008W,5,0
1514,YLL009C,2,0
1515,YLL011W,3,0
1516,YLL014W,6,0
1517,YLL018C,10,0
1518,YLL022C,2,0
1519,YLL023C,29,0
1520,YLL024C,12,0
1521,YLL026W,12,0
1522,YLL027W,2,0
1523,YLL028W,2,0
1524,YLL029W,4,0
1525,YLL039C,9,0
1526,YLL041C,2,0
1527,YLL045C,6,0
1528,YLL050C,3,0
1529,YLL051C,2,0
1530,YLL055W,5,0
1531,YLL061W,4,0
1532,YLR003C,4,0
1533,YLR005W,2,0
1534,YLR007W,1,0
1535,YLR009W,1,0
1537,YLR014C,0,3
1538,YLR017W,6,0
1539,YLR019W,2,0
1540,YLR023C,10,0
1541,YLR026C,3,0
1542,YLR027C,7,0
1543,YLR028C,5,0
1544,YLR029C,7,0
1545,YLR033W,1,0
1546,YLR034C,7,0
1547,YLR038C,3,0
1548,YLR043C,6,0
1549,YLR044C,7,0
1550,YLR048W,7,0
1551,YLR049C,7,0
1552,YLR050C,7,0
1553,YLR051C,1,0
1554,YLR052W,3,0
1555,YLR056W,13,0
1556,YLR058C,9,0
1557,YLR060W,12,0
1558,YLR061W,9,0
1559,YLR064W,2,0
1560,YLR066W,1,0
1561,YLR073C,5,0
1562,YLR074C,6,0
1563,YLR075W,7,0
1564,YLR078C,3,0
1565,YLR079W,3,0
1566,YLR082C,2,0
1567,YLR089C,13,0
1568,YLR090W,2,0
1569,YLR092W,6,0
1570,YLR093C,5,0
1571,YLR100W,3,0
1572,YLR102C,1,0
1573,YLR104W,5,0
1574,YLR105C,1,0
1575,YLR106C,1,0
1576,YLR107W,5,0
1577,YLR108C,8,0
1578,YLR109W,18,0
1579,YLR110C,13,0
1580,YLR113W,8,0
1581,YLR114C,1,0
1582,YLR117C,1,0
1583,YLR118C,4,0
1584,YLR120C,4,0
1585,YLR129W,2,0
1586,YLR130C,5,0
1587,YLR131C,0,138
1588,YLR139C,2,0
1589,YLR142W,6,0
1590,YLR146C,1,0
1591,YLR149C,2,0
1592,YLR150W,7,0
1593,YLR152C,2,0
1594,YLR153C,10,0
1595,YLR163C,3,0
1596,YLR164W,3,0
1597,YLR167W,6,0
1598,YLR168C,11,0
1599,YLR170C,2,0
1600,YLR172C,5,0
1601,YLR174W,6,0
1602,YLR175W,6,0
1603,YLR176C,0,21
1604,YLR177W,2,0
1605,YLR178C,9,0
1606,YLR179C,7,0
1607,YLR180W,12,0
1608,YLR185W,5,0
1609,YLR186W,4,0
1610,YLR190W,6,0
1611,YLR192C,1,0
1612,YLR193C,2,0
1613,YLR195C,1,0
1614,YLR196W,5,0
1615,YLR197W,5,0
1616,YLR199C,3,0
1617,YLR201C,2,0
1618,YLR203C,2,0
1619,YLR204W,2,0
1620,YLR208W,3,0
1621,YLR209C,3,0
1622,YLR216C,2,0
1623,YLR219W,5,0
1624,YLR220W,8,0
1625,YLR223C,1,438
1626,YLR225C,3,0
1627,YLR228C,0,15
1628,YLR229C,4,0
1629,YLR231C,4,0
1630,YLR244C,7,0
1631,YLR248W,3,0
1632,YLR249W,10,0
1633,YLR250W,1,0
1634,YLR253W,1,0
1635,YLR254C,2,0
1636,YLR256W,4,49
1637,YLR257W,14,0
1638,YLR258W,18,0
1639,YLR259C,5,0
1640,YLR264W,6,0
1641,YLR268W,5,0
1642,YLR270W,7,0
1643,YLR283W,2,0
1644,YLR284C,4,0
1645,YLR285W,6,0
1646,YLR286C,7,0
1647,YLR287C,1,0
1648,YLR291C,5,0
1649,YLR292C,3,0
1650,YLR293C,4,0
1651,YLR295C,3,0
1652,YLR297W,9,0
1653,YLR299W,3,0
1654,YLR300W,17,0
1655,YLR301W,5,0
1656,YLR303W,14,0
1657,YLR304C,11,0
1658,YLR314C,1,0
1659,YLR324W,2,0
1660,YLR325C,3,0
1661,YLR327C,12,0
1662,YLR328W,5,0
1663,YLR330W,6,0
1664,YLR332W,11,0
1665,YLR333C,5,0
1666,YLR335W,1,0
1667,YLR340W,6,0
1668,YLR342W,10,0
1669,YLR344W,5,0
1670,YLR345W,4,0
1671,YLR347C,4,0
1672,YLR350W,13,0
1673,YLR354C,7,0
1674,YLR355C,13,0
1675,YLR356W,6,0
1676,YLR359W,10,0
1677,YLR360W,3,0
1678,YLR367W,5,0
1679,YLR372W,5,0
1680,YLR375W,4,0
1681,YLR378C,4,0
1682,YLR380W,4,0
1683,YLR387C,4,0
1684,YLR388W,3,0
1685,YLR389C,1,0
1686,YLR395C,2,0
1687,YLR399C,8,0
1688,YLR403W,0,478
1689,YLR405W,1,0
1690,YLR406C,7,0
1691,YLR409C,1,0
1692,YLR410W,2,0
1693,YLR412W,1,0
1694,YLR413W,3,0
1695,YLR414C,15,0
1696,YLR420W,3,0
1697,YLR421C,1,0
1698,YLR429W,1,0
1699,YLR432W,16,0
1700,YLR437C,12,0
1701,YLR438W,9,0
1702,YLR439W,11,0
1703,YLR441C,6,0
1704,YLR447C,6,0
1705,YLR448W,5,0
1706,YLR449W,9,0
1707,YLR451W,0,28
1708,YLR459W,1,0
1709,YML001W,5,0
1710,YML004C,14,0
1711,YML007W,5,194
1712,YML008C,6,0
1713,YML009C,3,0
1714,YML012W,3,0
1715,YML018C,3,0
1716,YML019W,4,0
1717,YML022W,3,0
1718,YML024W,4,0
1719,YML026C,5,0
1720,YML027W,4,35
1721,YML028W,9,0
1722,YML030W,5,0
1723,YML031W,3,0
1724,YML035C,1,0
1725,YML038C,2,0
1726,YML041C,1,0
1727,YML048W,1,0
1728,YML051W,1,0
1729,YML052W,12,0
1730,YML053C,7,0
1731,YML054C,3,0
1732,YML055W,5,0
1733,YML056C,7,0
1734,YML057W,2,0
1735,YML058W,9,0
1736,YML063W,6,0
1737,YML067C,1,0
1738,YML069W,4,0
1739,YML070W,10,0
1740,YML072C,3,0
1741,YML073C,5,0
1742,YML074C,7,0
1743,YML075C,1,0
1744,YML078W,3,0
1745,YML079W,1,0
1746,YML085C,6,0
1747,YML086C,4,0
1748,YML092C,3,0
1749,YML097C,2,0
1750,YML098W,2,0
1751,YML099C,0,17
1752,YML100W,7,0
1753,YML101C,3,0
1754,YML105C,1,0
1755,YML106W,2,0
1756,YML110C,3,0
1757,YML115C,2,0
1758,YML119W,7,0
1759,YML120C,7,0
1760,YML121W,3,0
1761,YML123C,12,0
1762,YML125C,11,0
1763,YML126C,5,0
1764,YML128C,6,0
1765,YML129C,3,0
1766,YML130C,2,0
1767,YML131W,7,0
1768,YMR001C,8,0
1769,YMR002W,10,0
1770,YMR005W,3,0
1771,YMR006C,8,0
1772,YMR008C,9,0
1773,YMR009W,6,0
1774,YMR011W,9,0
1775,YMR012W,2,0
1776,YMR015C,9,0
1777,YMR016C,0,158
1778,YMR019W,0,2
1779,YMR021C,2,4
1780,YMR022W,1,0
1781,YMR024W,4,0
1782,YMR026C,1,0
1783,YMR027W,7,0
1784,YMR030W,3,0
1785,YMR031C,7,0
1786,YMR033W,2,0
1787,YMR037C,0,934
1788,YMR038C,3,0
1789,YMR039C,3,0
1790,YMR040W,5,0
1791,YMR041C,5,0
1792,YMR042W,2,11
1793,YMR043W,3,97
1794,YMR044W,2,0
1795,YMR049C,4,0
1796,YMR054W,1,0
1797,YMR056C,6,0
1798,YMR058W,17,0
1799,YMR059W,1,0
1800,YMR062C,1,0
1801,YMR070W,0,12
1802,YMR072W,7,0
1803,YMR073C,1,0
1804,YMR079W,3,0
1805,YMR083W,4,0
1806,YMR088C,3,0
1807,YMR090W,4,0
1808,YMR091C,1,0
1809,YMR092C,5,0
1810,YMR093W,2,0
1811,YMR099C,1,0
1812,YMR105C,20,0
1813,YMR107W,5,0
1814,YMR108W,4,0
1815,YMR110C,6,0
1816,YMR116C,8,0
1817,YMR120C,7,0
1818,YMR121C,9,0
1819,YMR123W,7,0
1820,YMR125W,3,0
1821,YMR130W,4,0
1822,YMR131C,7,0
1823,YMR134W,2,0
1824,YMR135C,5,0
1825,YMR136W,11,0
1826,YMR139W,7,0
1827,YMR142C,6,0
1828,YMR143W,3,0
1829,YMR145C,8,0
1830,YMR146C,8,0
1831,YMR148W,4,0
1832,YMR152W,5,0
1833,YMR157C,3,0
1834,YMR164C,0,8
1835,YMR169C,5,0
1836,YMR170C,5,0
1837,YMR171C,7,0
1838,YMR172W,0,124
1839,YMR174C,4,0
1840,YMR175W,6,0
1841,YMR178W,3,0
1842,YMR181C,14,0
1843,YMR182C,0,4
1844,YMR183C,2,0
1845,YMR184W,4,0
1846,YMR186W,9,0
1847,YMR188C,3,0
1848,YMR189W,8,0
1849,YMR192W,2,0
1850,YMR193W,4,0
1851,YMR194W,8,0
1852,YMR195W,30,0
1853,YMR196W,4,0
1854,YMR197C,3,0
1855,YMR199W,3,0
1856,YMR200W,6,0
1857,YMR202W,8,0
1858,YMR203W,4,0
1859,YMR205C,3,0
1860,YMR208W,2,0
1861,YMR209C,1,0
1862,YMR215W,11,0
1863,YMR216C,2,0
1864,YMR217W,8,0
1865,YMR220W,7,0
1866,YMR222C,3,0
1867,YMR226C,5,0
1868,YMR229C,2,0
1869,YMR230W,6,0
1870,YMR235C,3,0
1871,YMR236W,1,0
1872,YMR237W,1,0
1873,YMR238W,3,0
1874,YMR241W,15,0
1875,YMR242C,5,0
1876,YMR243C,2,0
1877,YMR246W,16,0
1878,YMR250W,8,0
1879,YMR255W,7,0
1880,YMR256C,2,0
1881,YMR258C,2,0
1882,YMR260C,3,0
1883,YMR261C,3,0
1884,YMR264W,3,0
1885,YMR266W,1,0
1886,YMR271C,3,0
1887,YMR272C,10,0
1888,YMR276W,2,0
1889,YMR280C,0,26
1890,YMR281W,3,0
1891,YMR286W,5,0
1892,YMR289W,2,0
1893,YMR290C,12,0
1894,YMR291W,4,0
1895,YMR292W,5,0
1896,YMR295C,7,0
1897,YMR296C,5,0
1898,YMR297W,9,0
1899,YMR298W,8,0
1900,YMR300C,9,0
1901,YMR302C,1,0
1902,YMR305C,8,0
1903,YMR307W,15,0
1904,YMR308C,2,0
1905,YMR309C,3,0
1906,YMR310C,1,0
1907,YMR312W,3,0
1908,YMR313C,2,0
1909,YMR314W,2,0
1910,YMR315W,10,0
1911,YMR316W,3,0
1912,YMR318C,4,0
1913,YNL001W,6,0
1914,YNL002C,13,0
1915,YNL004W,2,0
1916,YNL005C,5,0
1917,YNL006W,3,0
1918,YNL007C,5,0
1919,YNL008C,2,0
1920,YNL010W,3,0
1921,YNL016W,8,0
1922,YNL025C,1,0
1923,YNL027W,0,116
1924,YNL030W,6,0
1925,YNL031C,7,0
1926,YNL032W,1,0
1927,YNL036W,16,0
1928,YNL037C,11,0
1929,YNL040W,2,0
1930,YNL041C,1,0
1931,YNL044W,5,0
1932,YNL045W,6,0
1933,YNL046W,4,0
1934,YNL048W,2,0
1935,YNL051W,1,0
1936,YNL052W,3,0
1937,YNL055C,9,0
1938,YNL056W,8,0
1939,YNL058C,32,0
1940,YNL059C,2,0
1941,YNL062C,1,0
1942,YNL063W,4,0
1943,YNL064C,6,0
1944,YNL066W,9,0
1945,YNL067W,14,0
1946,YNL068C,0,92
1947,YNL069C,7,0
1948,YNL070W,7,0
1949,YNL071W,3,0
1950,YNL074C,4,0
1951,YNL077W,2,0
1952,YNL078W,7,0
1953,YNL079C,2,0
1954,YNL080C,1,0
1955,YNL081C,1,0
1956,YNL084C,3,0
1957,YNL085W,1,0
1958,YNL087W,7,0
1959,YNL088W,2,0
1960,YNL090W,3,0
1961,YNL094W,2,0
1962,YNL096C,6,0
1963,YNL098C,3,0
1964,YNL099C,3,0
1965,YNL100W,3,0
1966,YNL101W,2,0
1967,YNL103W,1,32
1968,YNL104C,3,0
1969,YNL110C,3,0
1970,YNL111C,5,0
1971,YNL112W,5,0
1972,YNL115C,4,0
1973,YNL116W,5,0
1974,YNL117W,5,0
1975,YNL121C,1,0
1976,YNL124W,1,0
1977,YNL125C,4,0
1978,YNL129W,2,0
1979,YNL130C,4,0
1980,YNL131W,4,0
1981,YNL132W,5,0
1982,YNL134C,17,0
1983,YNL135C,9,0
1984,YNL138W,2,0
1985,YNL141W,9,0
1986,YNL142W,7,0
1987,YNL147W,2,0
1988,YNL149C,3,0
1989,YNL153C,1,0
1990,YNL154C,3,0
1991,YNL155W,2,0
1992,YNL156C,2,0
1993,YNL157W,7,0
1994,YNL160W,33,0
1995,YNL162W,4,0
1996,YNL167C,1,55
1997,YNL168C,3,0
1998,YNL169C,5,0
1999,YNL173C,4,0
2000,YNL175C,7,0
2001,YNL176C,3,0
2002,YNL177C,1,0
2003,YNL178W,9,0
2004,YNL180C,15,0
2005,YNL182C,1,0
2006,YNL183C,3,0
2007,YNL185C,1,0
2008,YNL186W,1,0
2009,YNL189W,7,0
2010,YNL190W,11,0
2011,YNL191W,2,0
2012,YNL192W,9,0
2013,YNL193W,3,0
2014,YNL195C,4,0
2015,YNL197C,1,0
2016,YNL199C,0,41
2017,YNL208W,11,0
2018,YNL209W,3,0
2019,YNL212W,1,0
2020,YNL216W,1,911
2021,YNL217W,5,0
2022,YNL219C,2,0
2023,YNL220W,18,0
2024,YNL222W,1,0
2025,YNL229C,2,0
2026,YNL231C,10,0
2027,YNL232W,4,0
2028,YNL239W,4,0
2029,YNL241C,11,0
2030,YNL244C,9,0
2031,YNL248C,3,0
2032,YNL251C,4,0
2033,YNL255C,5,0
2034,YNL256W,2,0
2035,YNL258C,2,0
2036,YNL259C,5,0
2037,YNL263C,5,0
2038,YNL264C,3,0
2039,YNL265C,4,0
2040,YNL268W,5,0
2041,YNL274C,3,0
2042,YNL277W,10,0
2043,YNL280C,1,0
2044,YNL281W,8,0
2045,YNL283C,10,0
2046,YNL284C,1,0
2047,YNL287W,2,0
2048,YNL288W,6,0
2049,YNL289W,13,0
2050,YNL290W,2,0
2051,YNL300W,7,0
2052,YNL301C,4,0
2053,YNL302C,4,0
2054,YNL305C,11,0
2055,YNL306W,2,0
2056,YNL307C,7,0
2057,YNL308C,5,0
2058,YNL312W,12,0
2059,YNL314W,0,18
2060,YNL315C,1,0
2061,YNL322C,6,0
2062,YNL323W,3,0
2063,YNL327W,10,0
2064,YNL336W,4,0
2065,YNR001C,8,0
2066,YNR002C,5,0
2067,YNR007C,1,0
2068,YNR009W,3,0
2069,YNR013C,2,0
2070,YNR016C,6,0
2071,YNR017W,7,0
2072,YNR018W,14,0
2073,YNR021W,8,0
2074,YNR027W,3,0
2075,YNR028W,3,0
2076,YNR030W,3,0
2077,YNR034W,8,0
2078,YNR035C,2,0
2079,YNR036C,1,0
2080,YNR037C,2,0
2081,YNR041C,2,0
2082,YNR043W,6,0
2083,YNR046W,2,0
2084,YNR047W,6,0
2085,YNR050C,14,0
2086,YNR051C,1,0
2087,YNR052C,1,0
2088,YNR053C,17,0
2089,YNR055C,1,0
2090,YNR061C,3,0
2091,YNR067C,5,0
2092,YOL002C,3,0
2093,YOL005C,6,0
2094,YOL007C,5,0
2095,YOL010W,5,0
2096,YOL011W,9,0
2097,YOL012C,6,0
2098,YOL016C,3,0
2099,YOL019W,6,0
2100,YOL021C,1,0
2101,YOL022C,6,0
2102,YOL026C,10,0
2103,YOL027C,3,0
2104,YOL028C,0,10
2105,YOL036W,3,0
2106,YOL038W,4,0
2107,YOL039W,3,0
2108,YOL040C,6,0
2109,YOL041C,2,0
2110,YOL048C,7,0
2111,YOL049W,3,0
2112,YOL052C,4,0
2113,YOL053W,2,0
2114,YOL057W,3,0
2115,YOL058W,16,0
2116,YOL059W,11,0
2117,YOL060C,2,0
2118,YOL061W,3,0
2119,YOL062C,1,0
2120,YOL064C,4,0
2121,YOL067C,0,7
2122,YOL068C,3,0
2123,YOL071W,2,0
2124,YOL077C,5,0
2125,YOL081W,1,0
2126,YOL082W,7,0
2127,YOL083W,4,0
2128,YOL086C,6,0
2129,YOL089C,0,8
2130,YOL092W,5,0
2131,YOL102C,7,0
2132,YOL103W,2,0
2133,YOL108C,4,101
2134,YOL109W,15,0
2135,YOL110W,4,0
2136,YOL111C,4,0
2137,YOL116W,0,5
2138,YOL119C,7,0
2139,YOL120C,6,0
2140,YOL121C,8,0
2141,YOL122C,2,0
2142,YOL123W,10,0
2143,YOL124C,4,0
2144,YOL126C,15,0
2145,YOL127W,7,0
2146,YOL129W,2,0
2147,YOL133W,1,0
2148,YOL136C,5,0
2149,YOL139C,15,0
2150,YOL140W,7,0
2151,YOL143C,4,0
2152,YOL147C,6,0
2153,YOL151W,17,0
2154,YOL155C,14,0
2155,YOR001W,1,0
2156,YOR002W,5,0
2157,YOR004W,5,0
2158,YOR007C,4,0
2159,YOR008C,2,0
2160,YOR016C,7,0
2161,YOR019W,8,0
2162,YOR020C,4,0
2163,YOR021C,2,0
2164,YOR023C,6,0
2165,YOR025W,8,0
2166,YOR026W,2,0
2167,YOR027W,6,0
2168,YOR028C,0,110
2169,YOR032C,0,5
2170,YOR036W,2,0
2171,YOR039W,4,0
2172,YOR042W,1,0
2173,YOR043W,5,0
2174,YOR045W,4,0
2175,YOR051C,5,0
2176,YOR052C,12,0
2177,YOR056C,1,0
2178,YOR057W,6,0
2179,YOR061W,5,0
2180,YOR062C,3,0
2181,YOR063W,13,0
2182,YOR064C,4,0
2183,YOR065W,9,0
2184,YOR070C,2,0
2185,YOR074C,3,0
2186,YOR075W,4,0
2187,YOR078W,2,0
2188,YOR084W,4,0
2189,YOR086C,5,0
2190,YOR087W,4,0
2191,YOR089C,3,0
2192,YOR091W,4,0
2193,YOR092W,2,0
2194,YOR094W,1,0
2195,YOR095C,15,0
2196,YOR096W,6,0
2197,YOR099W,2,0
2198,YOR100C,6,0
2199,YOR101W,8,0
2200,YOR103C,5,0
2201,YOR108W,3,0
2202,YOR110W,2,0
2203,YOR115C,1,0
2204,YOR117W,1,0
2205,YOR120W,7,0
2206,YOR122C,4,0
2207,YOR123C,1,0
2208,YOR125C,2,0
2209,YOR126C,5,0
2210,YOR128C,7,0
2211,YOR130C,2,0
2212,YOR133W,5,0
2213,YOR136W,5,0
2214,YOR140W,1,0
2215,YOR142W,4,0
2216,YOR145C,11,0
2217,YOR147W,2,0
2218,YOR148C,1,0
2219,YOR150W,1,0
2220,YOR151C,1,0
2221,YOR153W,16,0
2222,YOR155C,1,0
2223,YOR157C,1,0
2224,YOR158W,3,0
2225,YOR161C,18,0
2226,YOR162C,0,169
2227,YOR163W,4,0
2228,YOR164C,3,0
2229,YOR165W,4,0
2230,YOR167C,3,0
2231,YOR168W,1,0
2232,YOR173W,12,0
2233,YOR175C,1,0
2234,YOR176W,5,0
2235,YOR179C,1,0
2236,YOR182C,5,0
2237,YOR184W,13,0
2238,YOR185C,3,0
2239,YOR187W,6,0
2240,YOR196C,1,0
2241,YOR197W,1,0
2242,YOR198C,11,0
2243,YOR202W,4,0
2244,YOR206W,10,0
2245,YOR209C,3,0
2246,YOR210W,6,0
2247,YOR215C,4,0
2248,YOR220W,8,0
2249,YOR221C,2,0
2250,YOR222W,6,0
2251,YOR224C,6,0
2252,YOR226C,8,0
2253,YOR227W,2,0
2254,YOR229W,1,0
2255,YOR230W,11,1
2256,YOR232W,4,0
2257,YOR234C,7,0
2258,YOR236W,6,0
2259,YOR239W,2,0
2260,YOR241W,1,0
2261,YOR244W,1,0
2262,YOR246C,8,0
2263,YOR247W,5,0
2264,YOR251C,2,0
2265,YOR253W,6,0
2266,YOR254C,3,0
2267,YOR259C,2,0
2268,YOR260W,2,0
2269,YOR261C,1,0
2270,YOR262W,3,0
2271,YOR264W,3,0
2272,YOR267C,4,0
2273,YOR270C,1,0
2274,YOR271C,4,0
2275,YOR272W,7,0
2276,YOR273C,5,0
2277,YOR276W,7,0
2278,YOR278W,1,0
2279,YOR280C,3,0
2280,YOR283W,1,0
2281,YOR285W,7,0
2282,YOR286W,7,0
2283,YOR288C,3,0
2284,YOR289W,13,0
2285,YOR293W,5,0
2286,YOR294W,4,0
2287,YOR297C,2,0
2288,YOR303W,7,0
2289,YOR310C,5,0
2290,YOR311C,3,0
2291,YOR312C,4,0
2292,YOR315W,21,0
2293,YOR316C,7,0
2294,YOR317W,12,0
2295,YOR319W,1,0
2296,YOR323C,2,0
2297,YOR326W,5,0
2298,YOR327C,7,0
2299,YOR332W,3,0
2300,YOR335C,4,0
2301,YOR340C,5,0
2302,YOR342C,10,0
2303,YOR344C,21,29
2304,YOR347C,3,0
2305,YOR348C,20,0
2306,YOR354C,3,0
2307,YOR355W,7,0
2308,YOR356W,3,0
2309,YOR358W,0,11
2310,YOR361C,10,0
2311,YOR362C,2,0
2312,YOR363C,0,40
2313,YOR367W,5,0
2314,YOR369C,7,0
2315,YOR374W,8,0
2316,YOR375C,7,0
2317,YOR382W,4,0
2318,YOR383C,4,0
2319,YPL001W,1,0
2320,YPL003W,3,0
2321,YPL004C,10,0
2322,YPL006W,1,0
2323,YPL010W,2,0
2324,YPL013C,5,0
2325,YPL015C,9,0
2326,YPL019C,9,0
2327,YPL023C,1,0
2328,YPL024W,7,0
2329,YPL026C,9,0
2330,YPL028W,8,0
2331,YPL031C,4,0
2332,YPL032C,4,0
2333,YPL034W,2,0
2334,YPL037C,5,0
2335,YPL038W,0,41
2336,YPL043W,2,0
2337,YPL047W,2,0
2338,YPL048W,5,0
2339,YPL049C,2,0
2340,YPL050C,1,0
2341,YPL053C,6,0
2342,YPL057C,10,0
2343,YPL059W,4,0
2344,YPL061W,14,0
2345,YPL063W,1,0
2346,YPL066W,5,0
2347,YPL071C,1,0
2348,YPL075W,0,112
2349,YPL078C,2,0
2350,YPL079W,5,0
2351,YPL081W,11,0
2352,YPL082C,1,0
2353,YPL086C,1,0
2354,YPL087W,12,0
2355,YPL089C,1,32
2356,YPL090C,3,0
2357,YPL091W,3,0
2358,YPL092W,1,0
2359,YPL093W,13,0
2360,YPL095C,5,0
2361,YPL096W,1,0
2362,YPL098C,6,0
2363,YPL100W,2,0
2364,YPL105C,2,0
2365,YPL106C,1,0
2366,YPL111W,11,0
2367,YPL112C,6,0
2368,YPL117C,7,0
2369,YPL118W,2,0
2370,YPL122C,2,0
2371,YPL127C,5,0
2372,YPL128C,1,0
2373,YPL129W,3,0
2374,YPL131W,6,0
2375,YPL133C,0,20
2376,YPL134C,4,0
2377,YPL135W,10,0
2378,YPL143W,5,0
2379,YPL144W,2,0
2380,YPL145C,6,0
2381,YPL149W,2,0
2382,YPL151C,1,0
2383,YPL152W,1,0
2384,YPL154C,15,0
2385,YPL156C,3,0
2386,YPL157W,5,0
2387,YPL158C,5,0
2388,YPL160W,8,0
2389,YPL163C,6,0
2390,YPL170W,8,0
2391,YPL173W,2,0
2392,YPL177C,11,14
2393,YPL179W,8,0
2394,YPL183C,3,0
2395,YPL184C,1,0
2396,YPL186C,2,0
2397,YPL190C,5,0
2398,YPL195W,3,0
2399,YPL196W,1,0
2400,YPL198W,5,0
2401,YPL199C,3,0
2402,YPL202C,2,21
2403,YPL203W,4,0
2404,YPL204W,1,0
2405,YPL206C,6,0
2406,YPL208W,4,0
2407,YPL210C,1,0
2408,YPL211W,6,0
2409,YPL212C,2,0
2410,YPL214C,2,0
2411,YPL215W,7,0
2412,YPL218W,3,0
2413,YPL220W,4,0
2414,YPL221W,10,0
2415,YPL222W,4,0
2416,YPL223C,6,0
2417,YPL224C,1,0
2418,YPL225W,1,0
2419,YPL226W,5,0
2420,YPL227C,3,0
2421,YPL229W,5,0
2422,YPL230W,6,0
2423,YPL231W,10,0
2424,YPL232W,4,0
2425,YPL234C,2,0
2426,YPL235W,2,0
2427,YPL236C,1,0
2428,YPL237W,9,0
2429,YPL239W,3,0
2430,YPL240C,7,0
2431,YPL241C,3,0
2432,YPL242C,3,0
2433,YPL243W,5,0
2434,YPL244C,3,0
2435,YPL246C,3,0
2436,YPL247C,2,0
2437,YPL248C,0,9
2438,YPL252C,3,0
2439,YPL256C,6,0
2440,YPL262W,3,0
2441,YPL266W,3,0
2442,YPL270W,3,0
2443,YPL271W,4,0
2444,YPL273W,4,0
2445,YPL274W,10,0
2446,YPR002W,2,0
2447,YPR006C,1,0
2448,YPR008W,3,0
2449,YPR010C,7,0
2450,YPR011C,1,0
2451,YPR016C,5,0
2452,YPR017C,3,0
2453,YPR020W,2,0
2454,YPR023C,1,0
2455,YPR024W,1,0
2456,YPR028W,4,0
2457,YPR029C,4,0
2458,YPR033C,2,0
2459,YPR035W,11,0
2460,YPR036W,8,0
2461,YPR037C,2,0
2462,YPR041W,6,0
2463,YPR043W,3,0
2464,YPR052C,2,0
2465,YPR057W,2,0
2466,YPR058W,1,0
2467,YPR060C,6,0
2468,YPR062W,3,0
2469,YPR063C,5,0
2470,YPR065W,9,28
2471,YPR067W,7,0
2472,YPR069C,2,0
2473,YPR072W,2,0
2474,YPR073C,3,0
2475,YPR074C,6,0
2476,YPR080W,7,0
2477,YPR082C,4,0
2478,YPR086W,2,0
2479,YPR088C,3,0
2480,YPR091C,1,0
2481,YPR100W,2,0
2482,YPR101W,2,0
2483,YPR102C,4,0
2484,YPR103W,6,0
2485,YPR104C,0,99
2486,YPR106W,6,0
2487,YPR107C,3,0
2488,YPR108W,3,0
2489,YPR109W,1,0
2490,YPR110C,12,0
2491,YPR112C,2,0
2492,YPR113W,10,0
2493,YPR114W,3,0
2494,YPR127W,1,0
2495,YPR128C,5,0
2496,YPR129W,5,0
2497,YPR132W,3,0
2498,YPR133C,1,0
2499,YPR137W,1,0
2500,YPR138C,10,0
2501,YPR139C,1,0
2502,YPR144C,1,0
2503,YPR145W,8,0
2504,YPR147C,1,0
2505,YPR148C,6,0
2506,YPR149W,15,0
2507,YPR154W,3,0
2508,YPR156C,16,0
2509,YPR160W,11,0
2510,YPR163C,2,0
2511,YPR165W,2,0
2512,YPR166C,1,0
2513,YPR167C,7,0
2514,YPR169W,3,0
2516,YPR176C,1,0
2517,YPR180W,2,0
2518,YPR182W,2,0
2519,YPR184W,5,0
2520,YPR187W,3,0
2521,YPR191W,11,0
2522,YPR198W,6,0
2523,YPR199C,2,5
